<?xml version="1.0" encoding="utf-8"?>
<odoo>
    <data noupdate="0">
        <record id="contrib_register_employees" model="hr.contribution.register">
            <field name="name">Employees</field>
            <field name="partner_id" eval="False"/>
        </record>

        <record id="BASIC" model="hr.salary.rule.category">
            <field name="name">Basic</field>
            <field name="code">BASIC</field>
        </record>

        <record id="ALW" model="hr.salary.rule.category">
            <field name="name">Allowance</field>
            <field name="code">ALW</field>
        </record>

        <record id="GROSS" model="hr.salary.rule.category">
            <field name="name">Gross</field>
            <field name="code">GROSS</field>
        </record>

        <record id="DED" model="hr.salary.rule.category">
            <field name="name">Deduction</field>
            <field name="code">DED</field>
        </record>

        <record id="NET" model="hr.salary.rule.category">
            <field name="name">Net</field>
            <field name="code">NET</field>
        </record>

        <record id="COMP" model="hr.salary.rule.category">
            <field name="name">Company Contribution</field>
            <field name="code">COMP</field>
        </record>

        <record id="HRA" model="hr.salary.rule.category">
            <field name="name">House Rent Allowance</field>
            <field name="code">HRA</field>
        </record>

         <record id="DA" model="hr.salary.rule.category">
            <field name="name">Dearness Allowance</field>
            <field name="code">DA</field>
        </record>

         <record id="Travel" model="hr.salary.rule.category">
            <field name="name">Travel Allowance</field>
            <field name="code">Travel</field>
        </record>

         <record id="Meal" model="hr.salary.rule.category">
            <field name="name">Meal Allowance</field>
            <field name="code">Meal</field>
        </record>

        <record id="Medical" model="hr.salary.rule.category">
            <field name="name">Medical Allowance</field>
            <field name="code">Medical</field>
        </record>

        <record id="Other" model="hr.salary.rule.category">
            <field name="name">Other Allowance</field>
            <field name="code">Other</field>
        </record>


<!--        <record id="DEDUCTION" model="hr.salary.rule.category">-->
<!--            <field name="name">Deduction</field>-->
<!--            <field name="code">DED</field>-->
<!--            <field name="parent_id" eval="False"/>-->
<!--        </record>-->

        <record id="hr_rule_basic" model="hr.salary.rule">
            <field name="name">Basic Salary</field>
            <field name="sequence" eval="1"/>
            <field name="code">BASIC</field>
            <field name="category_id" ref="sky_payroll_ce.BASIC"/>
            <field name="condition_select">none</field>
            <field name="amount_select">code</field>
            <field name="amount_python_compute">result = contract.wage</field>
        </record>

        <record id="hr_rule_taxable" model="hr.salary.rule">
            <field name="name">Gross</field>
            <field name="sequence" eval="100"/>
            <field name="code">GROSS</field>
            <field name="category_id" ref="sky_payroll_ce.GROSS"/>
            <field name="condition_select">none</field>
            <field name="amount_select">code</field>
            <field name="amount_python_compute">result = categories.BASIC + categories.ALW</field>
        </record>

        <record id="hr_rule_net" model="hr.salary.rule">
            <field name="name">Net Salary</field>
            <field name="sequence" eval="200"/>
            <field name="code">NET</field>
            <field name="category_id" ref="sky_payroll_ce.NET"/>
            <field name="condition_select">none</field>
            <field name="amount_select">code</field>
            <field name="amount_python_compute">result = categories.BASIC + categories.ALW - categories.DED</field>
            <field name="register_id" ref="contrib_register_employees"/>
        </record>

        <record id="hr_rule_hra" model="hr.salary.rule">
            <field name="name">House Rent Allowance</field>
            <field name="sequence" eval="1"/>
            <field name="code">HRA</field>
            <field name="category_id" ref="sky_payroll_ce.HRA"/>
            <field name="condition_select">none</field>
            <field name="amount_select">code</field>
            <field name="amount_python_compute">result = contract.hra</field>
        </record>

        <record id="hr_rule_da" model="hr.salary.rule">
            <field name="name">Dearness Allowance</field>
            <field name="sequence" eval="1"/>
            <field name="code">DA</field>
            <field name="category_id" ref="sky_payroll_ce.DA"/>
            <field name="condition_select">none</field>
            <field name="amount_select">code</field>
            <field name="amount_python_compute">result = contract.da</field>
        </record>

        <record id="hr_rule_travel" model="hr.salary.rule">
            <field name="name">Travel Allowance</field>
            <field name="sequence" eval="1"/>
            <field name="code">Travel</field>
            <field name="category_id" ref="sky_payroll_ce.Travel"/>
            <field name="condition_select">none</field>
            <field name="amount_select">code</field>
            <field name="amount_python_compute">result = contract.travel_allowance</field>
        </record>

        <record id="hr_rule_meal" model="hr.salary.rule">
            <field name="name">Meal Allowance</field>
            <field name="sequence" eval="1"/>
            <field name="code">Meal</field>
            <field name="category_id" ref="sky_payroll_ce.Meal"/>
            <field name="condition_select">none</field>
            <field name="amount_select">code</field>
            <field name="amount_python_compute">result = contract.meal_allowance</field>
        </record>

        <record id="hr_rule_medical" model="hr.salary.rule">
            <field name="name">Medical Allowance</field>
            <field name="sequence" eval="1"/>
            <field name="code">Medical</field>
            <field name="category_id" ref="sky_payroll_ce.Medical"/>
            <field name="condition_select">none</field>
            <field name="amount_select">code</field>
            <field name="amount_python_compute">result = contract.medical_allowance</field>
        </record>

        <record id="hr_rule_other" model="hr.salary.rule">
            <field name="name">Other Allowance</field>
            <field name="sequence" eval="1"/>
            <field name="code">Other</field>
            <field name="category_id" ref="sky_payroll_ce.Other"/>
            <field name="condition_select">none</field>
            <field name="amount_select">code</field>
            <field name="amount_python_compute">result = contract.other_allowance</field>
        </record>



        <!-- Salary Structure -->

         <record id="structure_base" model="hr.payroll.structure">
            <field name="code">BASE</field>
            <field name="name">Base for new structures</field>
            <field eval="[(6, 0, [ref('hr_rule_basic'), ref('hr_rule_taxable'),ref('hr_rule_net')])]" name="rule_ids"/>
            <field name="company_id" ref="base.main_company"/>
        </record>

        <!-- Decimal Precision -->

        <record forcecreate="True" id="decimal_payroll" model="decimal.precision">
            <field name="name">Payroll</field>
            <field name="digits">2</field>
        </record>

        <record forcecreate="True" id="decimal_payroll_rate" model="decimal.precision">
            <field name="name">Payroll Rate</field>
            <field name="digits">4</field>
        </record>


    </data>
</odoo>
